{
  "firstLayout": "",
  "gdVersion": {
    "build": 99,
    "major": 4,
    "minor": 0,
    "revision": 0
  },
  "properties": {
    "adaptGameResolutionAtRuntime": true,
    "folderProject": false,
    "orientation": "landscape",
    "packageName": "com.example.gamename",
    "pixelsRounding": false,
    "projectUuid": "4c4f3679-edd7-41d0-85ae-05b3747650bd",
    "scaleMode": "linear",
    "sizeOnStartupMode": "",
    "templateSlug": "",
    "useExternalSourceFiles": false,
    "version": "1.0.0",
    "name": "multiple collisions",
    "description": "",
    "author": "",
    "windowWidth": 800,
    "windowHeight": 600,
    "latestCompilationDirectory": "",
    "maxFPS": 60,
    "minFPS": 20,
    "verticalSync": false,
    "platformSpecificAssets": {},
    "loadingScreen": {
      "backgroundColor": 0,
      "backgroundFadeInDuration": 0.2,
      "backgroundImageResourceName": "",
      "gdevelopLogoStyle": "light",
      "logoAndProgressFadeInDuration": 0.2,
      "logoAndProgressLogoFadeInDelay": 0.2,
      "minDuration": 1.5,
      "progressBarColor": 16777215,
      "progressBarHeight": 20,
      "progressBarMaxWidth": 200,
      "progressBarMinWidth": 40,
      "progressBarWidthPercent": 30,
      "showGDevelopSplash": true,
      "showProgressBar": true
    },
    "authorIds": [],
    "categories": [],
    "playableDevices": [],
    "extensionProperties": [],
    "platforms": [
      {
        "name": "GDevelop JS platform"
      }
    ],
    "currentPlatform": "GDevelop JS platform"
  },
  "resources": {
    "resources": [
      {
        "alwaysLoaded": false,
        "file": "NewSprite-1.png",
        "kind": "image",
        "metadata": "",
        "name": "NewSprite-1.png",
        "smoothed": true,
        "userAdded": false
      },
      {
        "alwaysLoaded": false,
        "file": "NewSprite-1-0.png",
        "kind": "image",
        "metadata": "",
        "name": "NewSprite-1-0.png",
        "smoothed": true,
        "userAdded": false
      }
    ],
    "resourceFolders": []
  },
  "objects": [],
  "objectsGroups": [],
  "variables": [],
  "layouts": [
    {
      "b": 209,
      "disableInputWhenNotFocused": true,
      "mangledName": "Untitled_32scene",
      "name": "Untitled scene",
      "r": 209,
      "standardSortMethod": true,
      "stopSoundsOnStartup": true,
      "title": "",
      "v": 209,
      "uiSettings": {
        "grid": false,
        "gridType": "rectangular",
        "gridWidth": 32,
        "gridHeight": 32,
        "gridOffsetX": 0,
        "gridOffsetY": 0,
        "gridColor": 10401023,
        "gridAlpha": 0.8,
        "snap": false,
        "zoomFactor": 1,
        "windowMask": false
      },
      "objectsGroups": [],
      "variables": [],
      "instances": [
        {
          "angle": 0,
          "customSize": false,
          "height": 0,
          "layer": "",
          "name": "red",
          "persistentUuid": "17a81fa6-1c3d-4c0e-bd69-a40da86098f0",
          "width": 0,
          "x": 161,
          "y": 119,
          "zOrder": 1,
          "numberProperties": [],
          "stringProperties": [],
          "initialVariables": []
        },
        {
          "angle": 0,
          "customSize": false,
          "height": 0,
          "layer": "",
          "name": "red",
          "persistentUuid": "46438cbe-4a06-4b30-8884-1f52b1f6c29f",
          "width": 0,
          "x": 166,
          "y": 194,
          "zOrder": 2,
          "numberProperties": [],
          "stringProperties": [],
          "initialVariables": []
        },
        {
          "angle": 0,
          "customSize": false,
          "height": 0,
          "layer": "",
          "name": "red",
          "persistentUuid": "238b652e-ed88-4f9c-8955-018386cd86aa",
          "width": 0,
          "x": 162,
          "y": 272,
          "zOrder": 3,
          "numberProperties": [],
          "stringProperties": [],
          "initialVariables": []
        },
        {
          "angle": 0,
          "customSize": false,
          "height": 0,
          "layer": "",
          "name": "blue",
          "persistentUuid": "625847c6-d436-4f8d-9694-fccfa42ed039",
          "width": 0,
          "x": 341,
          "y": 119,
          "zOrder": 4,
          "numberProperties": [],
          "stringProperties": [],
          "initialVariables": []
        },
        {
          "angle": 0,
          "customSize": false,
          "height": 0,
          "layer": "",
          "name": "blue",
          "persistentUuid": "f323ee48-1ca3-4c51-bd8a-1910627571e0",
          "width": 0,
          "x": 341,
          "y": 194,
          "zOrder": 5,
          "numberProperties": [],
          "stringProperties": [],
          "initialVariables": []
        },
        {
          "angle": 0,
          "customSize": false,
          "height": 0,
          "layer": "",
          "name": "blue",
          "persistentUuid": "95ea94c0-506c-4457-8833-d0ef450bbfae",
          "width": 0,
          "x": 344,
          "y": 279,
          "zOrder": 6,
          "numberProperties": [],
          "stringProperties": [],
          "initialVariables": []
        },
        {
          "angle": 0,
          "customSize": false,
          "height": 0,
          "layer": "",
          "name": "blueText",
          "persistentUuid": "9f3e3af4-a84e-40dc-a620-c739a1a20bc1",
          "width": 0,
          "x": 340,
          "y": 402,
          "zOrder": 7,
          "numberProperties": [],
          "stringProperties": [],
          "initialVariables": []
        },
        {
          "angle": 0,
          "customSize": false,
          "height": 0,
          "layer": "",
          "name": "redText",
          "persistentUuid": "97a4b106-001e-40ce-8717-59d9d865c3ee",
          "width": 0,
          "x": 345,
          "y": 451,
          "zOrder": 8,
          "numberProperties": [],
          "stringProperties": [],
          "initialVariables": []
        },
        {
          "angle": 0,
          "customSize": false,
          "height": 0,
          "layer": "",
          "name": "NewShapePainter",
          "persistentUuid": "a80fbf97-db39-428c-b719-64978f049854",
          "width": 0,
          "x": 18,
          "y": 7,
          "zOrder": 9,
          "numberProperties": [],
          "stringProperties": [],
          "initialVariables": []
        }
      ],
      "objects": [
        {
          "assetStoreId": "",
          "name": "red",
          "tags": "",
          "type": "Sprite",
          "updateIfNotVisible": false,
          "variables": [],
          "effects": [],
          "behaviors": [
            {
              "checkCollisionMask": true,
              "name": "Draggable",
              "type": "DraggableBehavior::Draggable"
            }
          ],
          "animations": [
            {
              "name": "NewSprite",
              "useMultipleDirections": false,
              "directions": [
                {
                  "looping": false,
                  "timeBetweenFrames": 0.07999999821186066,
                  "sprites": [
                    {
                      "hasCustomCollisionMask": true,
                      "image": "NewSprite-1.png",
                      "points": [],
                      "originPoint": {
                        "name": "origine",
                        "x": 30.971599578857422,
                        "y": 31.874114990234375
                      },
                      "centerPoint": {
                        "automatic": true,
                        "name": "centre",
                        "x": 0,
                        "y": 0
                      },
                      "customCollisionMask": [
                        [
                          {
                            "x": 53.66342544555664,
                            "y": 24.13826560974121
                          },
                          {
                            "x": 52.374114990234375,
                            "y": 44.509334564208984
                          },
                          {
                            "x": 35.8709716796875,
                            "y": 57.91814041137695
                          },
                          {
                            "x": 10.600530624389648,
                            "y": 55.855247497558594
                          },
                          {
                            "x": 4.153989791870117,
                            "y": 33.937007904052734
                          },
                          {
                            "x": 13.694869995117188,
                            "y": 13.308077812194824
                          },
                          {
                            "x": 36.90241622924805,
                            "y": 9.182291984558105
                          }
                        ]
                      ]
                    }
                  ]
                }
              ]
            }
          ]
        },
        {
          "assetStoreId": "",
          "name": "blue",
          "tags": "",
          "type": "Sprite",
          "updateIfNotVisible": false,
          "variables": [],
          "effects": [],
          "behaviors": [
            {
              "checkCollisionMask": true,
              "name": "Draggable",
              "type": "DraggableBehavior::Draggable"
            }
          ],
          "animations": [
            {
              "name": "NewSprite",
              "useMultipleDirections": false,
              "directions": [
                {
                  "looping": false,
                  "timeBetweenFrames": 0.07999999821186066,
                  "sprites": [
                    {
                      "hasCustomCollisionMask": true,
                      "image": "NewSprite-1-0.png",
                      "points": [],
                      "originPoint": {
                        "name": "origine",
                        "x": 31.74518394470215,
                        "y": 31.3583927154541
                      },
                      "centerPoint": {
                        "automatic": true,
                        "name": "centre",
                        "x": 0,
                        "y": 0
                      },
                      "customCollisionMask": [
                        [
                          {
                            "x": 49.79549789428711,
                            "y": 13.823801040649414
                          },
                          {
                            "x": 55.46845626831055,
                            "y": 33.937007904052734
                          },
                          {
                            "x": 39.99675750732422,
                            "y": 54.565940856933594
                          },
                          {
                            "x": 14.46845531463623,
                            "y": 55.081661224365234
                          },
                          {
                            "x": 4.153989791870117,
                            "y": 31.874114990234375
                          },
                          {
                            "x": 14.46845531463623,
                            "y": 14.081663131713867
                          },
                          {
                            "x": 31.487323760986328,
                            "y": 5.314367294311523
                          }
                        ]
                      ]
                    }
                  ]
                }
              ]
            }
          ]
        },
        {
          "assetStoreId": "",
          "bold": false,
          "italic": false,
          "name": "blueText",
          "smoothed": true,
          "tags": "",
          "type": "TextObject::Text",
          "underlined": false,
          "variables": [],
          "effects": [],
          "behaviors": [],
          "string": "blue instances in collision = 0",
          "font": "",
          "characterSize": 20,
          "color": {
            "b": 0,
            "g": 0,
            "r": 0
          }
        },
        {
          "assetStoreId": "",
          "bold": false,
          "italic": false,
          "name": "redText",
          "smoothed": true,
          "tags": "",
          "type": "TextObject::Text",
          "underlined": false,
          "variables": [],
          "effects": [],
          "behaviors": [],
          "string": "red instances in collision = 0",
          "font": "",
          "characterSize": 20,
          "color": {
            "b": 0,
            "g": 0,
            "r": 0
          }
        },
        {
          "assetStoreId": "",
          "name": "NewShapePainter",
          "tags": "",
          "type": "PrimitiveDrawing::Drawer",
          "variables": [],
          "effects": [],
          "behaviors": [],
          "fillOpacity": 255,
          "outlineSize": 1,
          "outlineOpacity": 255,
          "fillColor": {
            "b": 255,
            "g": 255,
            "r": 255
          },
          "outlineColor": {
            "b": 11,
            "g": 240,
            "r": 181
          },
          "absoluteCoordinates": true,
          "clearBetweenFrames": true
        }
      ],
      "events": [
        {
          "type": "BuiltinCommonInstructions::Standard",
          "conditions": [
            {
              "type": {
                "inverted": true,
                "value": "CollisionNP"
              },
              "parameters": [
                "red",
                "blue",
                "",
                "",
                ""
              ]
            }
          ],
          "actions": [
            {
              "type": {
                "value": "TextObject::String"
              },
              "parameters": [
                "blueText",
                "=",
                "\"blue in collision = 0\" "
              ]
            },
            {
              "type": {
                "value": "TextObject::String"
              },
              "parameters": [
                "redText",
                "=",
                "\"red in collision = 0\" "
              ]
            }
          ]
        },
        {
          "type": "BuiltinCommonInstructions::Standard",
          "conditions": [
            {
              "type": {
                "value": "CollisionNP"
              },
              "parameters": [
                "red",
                "blue",
                "",
                "",
                ""
              ]
            }
          ],
          "actions": [
            {
              "type": {
                "value": "TextObject::String"
              },
              "parameters": [
                "blueText",
                "=",
                "\"blue in collision = \" + ToString(PickedInstancesCount(blue))"
              ]
            },
            {
              "type": {
                "value": "TextObject::String"
              },
              "parameters": [
                "redText",
                "=",
                "\"red in collision = \" + ToString(PickedInstancesCount(red))"
              ]
            }
          ],
          "events": [
            {
              "type": "BuiltinCommonInstructions::ForEach",
              "object": "red",
              "conditions": [],
              "actions": [],
              "events": [
                {
                  "type": "BuiltinCommonInstructions::ForEach",
                  "object": "blue",
                  "conditions": [],
                  "actions": [],
                  "events": [
                    {
                      "type": "BuiltinCommonInstructions::Standard",
                      "conditions": [
                        {
                          "type": {
                            "value": "CollisionNP"
                          },
                          "parameters": [
                            "red",
                            "blue",
                            "",
                            "",
                            ""
                          ]
                        }
                      ],
                      "actions": [
                        {
                          "type": {
                            "value": "PrimitiveDrawing::LineV2"
                          },
                          "parameters": [
                            "NewShapePainter",
                            "red.CenterX()",
                            "red.CenterY()",
                            "blue.CenterX()",
                            "blue.CenterY()",
                            "3"
                          ]
                        }
                      ]
                    }
                  ]
                }
              ]
            }
          ]
        }
      ],
      "layers": [
        {
          "ambientLightColorB": 0,
          "ambientLightColorG": 8008384,
          "ambientLightColorR": 16,
          "followBaseLayerCamera": false,
          "isLightingLayer": false,
          "name": "",
          "visibility": true,
          "cameras": [
            {
              "defaultSize": true,
              "defaultViewport": true,
              "height": 0,
              "viewportBottom": 1,
              "viewportLeft": 0,
              "viewportRight": 1,
              "viewportTop": 0,
              "width": 0
            }
          ],
          "effects": []
        }
      ],
      "behaviorsSharedData": []
    }
  ],
  "externalEvents": [],
  "eventsFunctionsExtensions": [],
  "externalLayouts": [],
  "externalSourceFiles": []
}